<mets:mets xmlns:mets="http://www.loc.gov/METS/">

  <mets:dmdSec ID="ie-dmd">
    <mets:mdWrap MDTYPE="DC">
      <mets:xmlData>
        <dc:record xmlns:dc="http://purl.org/dc/elements/1.1/" xmlns:dcterms="http://purl.org/dc/terms/" xmlns:xsi="http://www.w3.org/2001/XMLSchema-instance">
          <dc:identifier>18750</dc:identifier>
		  <dc:title>Item 01: [Masked lapwing], ca 1792 / Sydney Bird Painter</dc:title>
          <dc:creator></dc:creator>
		  <dc:source>PXD 680       /       1</dc:source>
		  <dc:type>,GM,</dc:type>
          <dcterms:accessRights>No</dcterms:accessRights>
		  <dc:date>1994-12-20 00:00:00.000</dc:date>
		  <dcterms:isFormatOf></dcterms:isFormatOf>
		  <dcterms:isReferencedBy>ACMS</dcterms:isReferencedBy>
        </dc:record>
      </mets:xmlData>
    </mets:mdWrap>
  </mets:dmdSec>

  <mets:dmdSec ID="fid1-1-dmd">
    <mets:mdWrap MDTYPE="DC">
      <mets:xmlData>
        <dc:record xmlns:dc="http://purl.org/dc/elements/1.1/" xmlns:dcterms="http://purl.org/dc/terms/" xmlns:xsi="http://www.w3.org/2001/XMLSchema-instance">
          <dc:title>Item 01: [Masked lapwing], ca 1792 / Sydney Bird Painter</dc:title>
          <dc:source>_COMASTER\2008/D00012/a1763001.tif</dc:source>
          <dc:description>http://acms.sl.nsw.gov.au/_COMASTER\2008/D00012/a1763001.tif</dc:description>
          <dc:identifier>18750</dc:identifier>
          <dc:date>1900-01-01 00:00:00.000</dc:date>
          <dcterms:tableOfContents>1</dcterms:tableOfContents>
		  <dcterms:isFormatOf>|Zoomable imageÂ¤http://acms.sl.nsw.gov.au/_zoomify/2012/D16211/a1763001.html|</dcterms:isFormatOf>
        </dc:record>
      </mets:xmlData>
    </mets:mdWrap>
  </mets:dmdSec>

  <mets:dmdSec ID="fid1-2-dmd">
    <mets:mdWrap MDTYPE="DC">
      <mets:xmlData>
        <dc:record xmlns:dc="http://purl.org/dc/elements/1.1/" xmlns:dcterms="http://purl.org/dc/terms/" xmlns:xsi="http://www.w3.org/2001/XMLSchema-instance">
          <dc:title>Item 01: [Masked lapwing], ca 1792 / Sydney Bird Painter</dc:title>
          <dc:source>_MASTER\2008/D00012/a1763001.tif</dc:source>
          <dc:description>http://acms.sl.nsw.gov.au/_MASTER\2008/D00012/a1763001.tif</dc:description>
          <dc:identifier>18750</dc:identifier>
          <dc:date>1900-01-01 00:00:00.000</dc:date>
          <dcterms:tableOfContents>1</dcterms:tableOfContents>
		  <dcterms:isFormatOf>|Zoomable imageÂ¤http://acms.sl.nsw.gov.au/_zoomify/2012/D16211/a1763001.html|</dcterms:isFormatOf>
        </dc:record>
      </mets:xmlData>
    </mets:mdWrap>
  </mets:dmdSec>

  <mets:dmdSec ID="fid1-3-dmd">
    <mets:mdWrap MDTYPE="DC">
      <mets:xmlData>
        <dc:record xmlns:dc="http://purl.org/dc/elements/1.1/" xmlns:dcterms="http://purl.org/dc/terms/" xmlns:xsi="http://www.w3.org/2001/XMLSchema-instance">
          <dc:title>Item 01: [Masked lapwing], ca 1792 / Sydney Bird Painter</dc:title>
          <dc:source>/permanent_storage/legacy/derivatives/highres/image/10/149/a1763001h.jpg</dc:source>
          <dc:description>http://acms.sl.nsw.gov.au//permanent_storage/legacy/derivatives/highres/image/10/149/a1763001h.jpg</dc:description>
          <dc:identifier>18750</dc:identifier>
          <dc:date>1900-01-01 00:00:00.000</dc:date>
          <dcterms:tableOfContents>1</dcterms:tableOfContents>
		  <dcterms:isFormatOf>|Zoomable imageÂ¤http://acms.sl.nsw.gov.au/_zoomify/2012/D16211/a1763001.html|</dcterms:isFormatOf>
        </dc:record>
      </mets:xmlData>
    </mets:mdWrap>
  </mets:dmdSec>

  <mets:amdSec ID="ie-amd">
    <mets:techMD ID="ie-amd-tech">
      <mets:mdWrap MDTYPE="OTHER" OTHERMDTYPE="dnx">
        <mets:xmlData>
          <dnx xmlns="http://www.exlibrisgroup.com/dps/dnx"/>
        </mets:xmlData>
      </mets:mdWrap>
    </mets:techMD>
    <mets:rightsMD ID="ie-amd-rights">
      <mets:mdWrap MDTYPE="OTHER" OTHERMDTYPE="dnx">
        <mets:xmlData>
          <dnx xmlns="http://www.exlibrisgroup.com/dps/dnx">
            <section id="accessRightsPolicy">
              <record>
                <key id="policyId">AR_EVERYONE</key>
              </record>
            </section>
          </dnx>
        </mets:xmlData>
      </mets:mdWrap>
    </mets:rightsMD>
    <mets:sourceMD ID="ie-amd-source">
      <mets:mdWrap MDTYPE="OTHER" OTHERMDTYPE="dnx">
        <mets:xmlData>
          <dnx xmlns="http://www.exlibrisgroup.com/dps/dnx"/>
        </mets:xmlData>
      </mets:mdWrap>
    </mets:sourceMD>
    <mets:digiprovMD ID="ie-amd-digiprov">
      <mets:mdWrap MDTYPE="OTHER" OTHERMDTYPE="dnx">
        <mets:xmlData>
          <dnx xmlns="http://www.exlibrisgroup.com/dps/dnx"/>
        </mets:xmlData>
      </mets:mdWrap>
    </mets:digiprovMD>
  </mets:amdSec>

  <mets:amdSec ID="rep1-amd">
    <mets:techMD ID="rep1-amd-tech">
      <mets:mdWrap MDTYPE="OTHER" OTHERMDTYPE="dnx">
        <mets:xmlData>
          <dnx xmlns="http://www.exlibrisgroup.com/dps/dnx">
            <section id="generalRepCharacteristics">
              <record>
                <key id="preservationType">PRESERVATION_MASTER</key>
                <key id="usageType">VIEW</key>
                <key id="RevisionNumber">1</key>
                <key id="DigitalOriginal">true</key>
              </record>
            </section>
          </dnx>
        </mets:xmlData>
      </mets:mdWrap>
    </mets:techMD>
    <mets:rightsMD ID="rep1-amd-rights">
      <mets:mdWrap MDTYPE="OTHER" OTHERMDTYPE="dnx">
        <mets:xmlData>
          <dnx xmlns="http://www.exlibrisgroup.com/dps/dnx">
            <section id="accessRightsPolicy">
              <record>
                <key id="policyId">1062</key>
              </record>
            </section>
          </dnx>
        </mets:xmlData>
      </mets:mdWrap>
    </mets:rightsMD>
    <mets:sourceMD ID="rep1-amd-source">
      <mets:mdWrap MDTYPE="OTHER" OTHERMDTYPE="dnx">
        <mets:xmlData>
          <dnx xmlns="http://www.exlibrisgroup.com/dps/dnx"/>
        </mets:xmlData>
      </mets:mdWrap>
    </mets:sourceMD>
    <mets:digiprovMD ID="rep1-amd-digiprov">
      <mets:mdWrap MDTYPE="OTHER" OTHERMDTYPE="dnx">
        <mets:xmlData>
          <dnx xmlns="http://www.exlibrisgroup.com/dps/dnx"/>
        </mets:xmlData>
      </mets:mdWrap>
    </mets:digiprovMD>
  </mets:amdSec>

  <mets:amdSec ID="rep2-amd">
    <mets:techMD ID="rep2-amd-tech">
      <mets:mdWrap MDTYPE="OTHER" OTHERMDTYPE="dnx">
        <mets:xmlData>
          <dnx xmlns="http://www.exlibrisgroup.com/dps/dnx">
            <section id="generalRepCharacteristics">
              <record>
                <key id="preservationType">COMASTER</key>
                <key id="usageType">VIEW</key>
                <key id="RevisionNumber">1</key>
                <key id="DigitalOriginal">true</key>
              </record>
            </section>
          </dnx>
        </mets:xmlData>
      </mets:mdWrap>
    </mets:techMD>
    <mets:rightsMD ID="rep2-amd-rights">
      <mets:mdWrap MDTYPE="OTHER" OTHERMDTYPE="dnx">
        <mets:xmlData>
          <dnx xmlns="http://www.exlibrisgroup.com/dps/dnx">
            <section id="accessRightsPolicy">
              <record>
                <key id="policyId">1062</key>
              </record>
            </section>
          </dnx>
        </mets:xmlData>
      </mets:mdWrap>
    </mets:rightsMD>
    <mets:sourceMD ID="rep2-amd-source">
      <mets:mdWrap MDTYPE="OTHER" OTHERMDTYPE="dnx">
        <mets:xmlData>
          <dnx xmlns="http://www.exlibrisgroup.com/dps/dnx"/>
        </mets:xmlData>
      </mets:mdWrap>
    </mets:sourceMD>
    <mets:digiprovMD ID="rep2-amd-digiprov">
      <mets:mdWrap MDTYPE="OTHER" OTHERMDTYPE="dnx">
        <mets:xmlData>
          <dnx xmlns="http://www.exlibrisgroup.com/dps/dnx"/>
        </mets:xmlData>
      </mets:mdWrap>
    </mets:digiprovMD>
  </mets:amdSec>

  <mets:amdSec ID="rep3-amd">
    <mets:techMD ID="rep3-amd-tech">
      <mets:mdWrap MDTYPE="OTHER" OTHERMDTYPE="dnx">
        <mets:xmlData>
          <dnx xmlns="http://www.exlibrisgroup.com/dps/dnx">
            <section id="generalRepCharacteristics">
              <record>
                <key id="preservationType">SCREEN</key>
                <key id="usageType">VIEW</key>
                <key id="RevisionNumber">1</key>
                <key id="DigitalOriginal">true</key>
              </record>
            </section>
          </dnx>
        </mets:xmlData>
      </mets:mdWrap>
    </mets:techMD>
    <mets:rightsMD ID="rep3-amd-rights">
      <mets:mdWrap MDTYPE="OTHER" OTHERMDTYPE="dnx">
        <mets:xmlData>
          <dnx xmlns="http://www.exlibrisgroup.com/dps/dnx">
            <section id="accessRightsPolicy">
              <record>
                <key id="policyId">AR_EVERYONE</key>
              </record>
            </section>
          </dnx>
        </mets:xmlData>
      </mets:mdWrap>
    </mets:rightsMD>
    <mets:sourceMD ID="rep3-amd-source">
      <mets:mdWrap MDTYPE="OTHER" OTHERMDTYPE="dnx">
        <mets:xmlData>
          <dnx xmlns="http://www.exlibrisgroup.com/dps/dnx"/>
        </mets:xmlData>
      </mets:mdWrap>
    </mets:sourceMD>
    <mets:digiprovMD ID="rep3-amd-digiprov">
      <mets:mdWrap MDTYPE="OTHER" OTHERMDTYPE="dnx">
        <mets:xmlData>
          <dnx xmlns="http://www.exlibrisgroup.com/dps/dnx"/>
        </mets:xmlData>
      </mets:mdWrap>
    </mets:digiprovMD>
  </mets:amdSec>

  <mets:amdSec ID="fid1-1-amd">
    <mets:techMD ID="fid1-1-amd-tech">
      <mets:mdWrap MDTYPE="OTHER" OTHERMDTYPE="dnx">
        <mets:xmlData>
          <dnx xmlns="http://www.exlibrisgroup.com/dps/dnx">
            <section id="generalFileCharacteristics">
              <record>
                <key id="fileOriginalPath">/permanent_storage/legacy/master/D00012/a1763001.tif</key>
                <key id="fileOriginalName">a1763001u.tif</key>
                <key id="label">Item 01: [Masked lapwing], ca 1792 / Sydney Bird Painter</key>
              </record>
            </section>
            <section id="objectCharacteristics">
              <record>
                <key id="groupID">a1763001</key>
              </record>
            </section>
          </dnx>
        </mets:xmlData>
      </mets:mdWrap>
    </mets:techMD>
    <mets:rightsMD ID="fid1-1-amd-rights">
      <mets:mdWrap MDTYPE="OTHER" OTHERMDTYPE="dnx">
        <mets:xmlData>
          <dnx xmlns="http://www.exlibrisgroup.com/dps/dnx"/>
        </mets:xmlData>
      </mets:mdWrap>
    </mets:rightsMD>
    <mets:sourceMD ID="fid1-1-amd-source">
      <mets:mdWrap MDTYPE="OTHER" OTHERMDTYPE="dnx">
        <mets:xmlData>
          <dnx xmlns="http://www.exlibrisgroup.com/dps/dnx"/>
        </mets:xmlData>
      </mets:mdWrap>
    </mets:sourceMD>
    <mets:digiprovMD ID="fid1-1-amd-digiprov">
      <mets:mdWrap MDTYPE="OTHER" OTHERMDTYPE="dnx">
        <mets:xmlData>
          <dnx xmlns="http://www.exlibrisgroup.com/dps/dnx"/>
        </mets:xmlData>
      </mets:mdWrap>
    </mets:digiprovMD>
  </mets:amdSec>

  <mets:amdSec ID="fid1-2-amd">
    <mets:techMD ID="fid1-2-amd-tech">
      <mets:mdWrap MDTYPE="OTHER" OTHERMDTYPE="dnx">
        <mets:xmlData>
          <dnx xmlns="http://www.exlibrisgroup.com/dps/dnx">
            <section id="generalFileCharacteristics">
              <record>
                <key id="fileOriginalPath">/permanent_storage/legacy/comaster/D00012/a1763001.tif</key>
                <key id="fileOriginalName">a1763001.tif</key>
                <key id="label">Item 01: [Masked lapwing], ca 1792 / Sydney Bird Painter</key>
              </record>
            </section>
            <section id="objectCharacteristics">
              <record>
                <key id="groupID">a1763001</key>
              </record>
            </section>
          </dnx>
        </mets:xmlData>
      </mets:mdWrap>
    </mets:techMD>
    <mets:rightsMD ID="fid1-2-amd-rights">
      <mets:mdWrap MDTYPE="OTHER" OTHERMDTYPE="dnx">
        <mets:xmlData>
          <dnx xmlns="http://www.exlibrisgroup.com/dps/dnx"/>
        </mets:xmlData>
      </mets:mdWrap>
    </mets:rightsMD>
    <mets:sourceMD ID="fid1-2-amd-source">
      <mets:mdWrap MDTYPE="OTHER" OTHERMDTYPE="dnx">
        <mets:xmlData>
          <dnx xmlns="http://www.exlibrisgroup.com/dps/dnx"/>
        </mets:xmlData>
      </mets:mdWrap>
    </mets:sourceMD>
    <mets:digiprovMD ID="fid1-2-amd-digiprov">
      <mets:mdWrap MDTYPE="OTHER" OTHERMDTYPE="dnx">
        <mets:xmlData>
          <dnx xmlns="http://www.exlibrisgroup.com/dps/dnx"/>
        </mets:xmlData>
      </mets:mdWrap>
    </mets:digiprovMD>
  </mets:amdSec>

  <mets:amdSec ID="fid1-3-amd">
    <mets:techMD ID="fid1-3-amd-tech">
      <mets:mdWrap MDTYPE="OTHER" OTHERMDTYPE="dnx">
        <mets:xmlData>
          <dnx xmlns="http://www.exlibrisgroup.com/dps/dnx">
            <section id="generalFileCharacteristics">
              <record>
                <key id="fileOriginalPath">/permanent_storage/legacy/derivatives/highres/image/10/149/a1763001h.jpg</key>
                <key id="fileOriginalName">a1763001h.jpg</key>
                <key id="label">Item 01: [Masked lapwing], ca 1792 / Sydney Bird Painter</key>
              </record>
            </section>
            <section id="objectCharacteristics">
              <record>
                <key id="groupID">a1763001</key>
              </record>
            </section>
          </dnx>
        </mets:xmlData>
      </mets:mdWrap>
    </mets:techMD>
    <mets:rightsMD ID="fid1-3-amd-rights">
      <mets:mdWrap MDTYPE="OTHER" OTHERMDTYPE="dnx">
        <mets:xmlData>
          <dnx xmlns="http://www.exlibrisgroup.com/dps/dnx"/>
        </mets:xmlData>
      </mets:mdWrap>
    </mets:rightsMD>
    <mets:sourceMD ID="fid1-3-amd-source">
      <mets:mdWrap MDTYPE="OTHER" OTHERMDTYPE="dnx">
        <mets:xmlData>
          <dnx xmlns="http://www.exlibrisgroup.com/dps/dnx"/>
        </mets:xmlData>
      </mets:mdWrap>
    </mets:sourceMD>
    <mets:digiprovMD ID="fid1-3-amd-digiprov">
      <mets:mdWrap MDTYPE="OTHER" OTHERMDTYPE="dnx">
        <mets:xmlData>
          <dnx xmlns="http://www.exlibrisgroup.com/dps/dnx"/>
        </mets:xmlData>
      </mets:mdWrap>
    </mets:digiprovMD>
  </mets:amdSec>

  <mets:fileSec>
    <mets:fileGrp ID="rep1" ADMID="rep1-amd">
      <mets:file ID="fid1-1" ADMID="fid1-1-amd">
        <mets:FLocat LOCTYPE="URL" xlin:href="_MASTER\2008/D00012/a1763001.tif" xmlns:xlin="http://www.w3.org/1999/xlink"/>
      </mets:file>
    </mets:fileGrp>
    <mets:fileGrp ID="rep2" ADMID="rep2-amd">
      <mets:file ID="fid1-2" ADMID="fid1-2-amd">
        <mets:FLocat LOCTYPE="URL" xlin:href="_COMASTER\2008/D00012/a1763001.tif" xmlns:xlin="http://www.w3.org/1999/xlink"/>
      </mets:file>
    </mets:fileGrp>
	<mets:fileGrp ID="rep3" ADMID="rep3-amd">
      <mets:file ID="fid1-3" ADMID="fid1-3-amd">
        <mets:FLocat LOCTYPE="URL" xlin:href="/permanent_storage/legacy/derivatives/highres/image/10/149/a1763001h.jpg" xmlns:xlin="http://www.w3.org/1999/xlink"/>
      </mets:file>
    </mets:fileGrp>
  </mets:fileSec>

  <mets:structMap ID="rep1-1" TYPE="PHYSICAL">
    <mets:div LABEL="COMASTER">
      <mets:div LABEL="Table of Contents">
        <mets:div LABEL="Item 01: [Masked lapwing], ca 1792 / Sydney Bird Painter" TYPE="FILE">
          <mets:fptr FILEID="fid1-1"/>
        </mets:div>
      </mets:div>
    </mets:div>
  </mets:structMap>

  <mets:structMap ID="rep2-1" TYPE="PHYSICAL">
    <mets:div LABEL="SCREEN">
      <mets:div LABEL="Table of Contents">
        <mets:div LABEL="Item 01: [Masked lapwing], ca 1792 / Sydney Bird Painter" TYPE="FILE">
          <mets:fptr FILEID="fid1-2"/>
        </mets:div>
      </mets:div>
    </mets:div>
  </mets:structMap>

   <mets:structMap ID="rep3-1" TYPE="PHYSICAL">
    <mets:div LABEL="SCREEN">
      <mets:div LABEL="Table of Contents">
        <mets:div LABEL="Item 01: [Masked lapwing], ca 1792 / Sydney Bird Painter" TYPE="FILE">
          <mets:fptr FILEID="fid1-3"/>
        </mets:div>
      </mets:div>
    </mets:div>
  </mets:structMap>

</mets:mets>
